<?xml version="1.0" encoding="UTF-8"?>
<feature id="org.eclipse.zest.source" version="1.2.0.v20100519-2050-67808yE5F-8HAH4HECF4242" label="%featureName" provider-name="%providerName" image="eclipse_update_120.jpg"    >
	<description >
		%description
	</description>
	<copyright >
		%copyright
	</copyright>
	<license url="%licenseURL">
		%license
	</license>
	<url>
		<update url="http://download.eclipse.org/tools/gef/updates/releases/site.xml" label="%updateSiteName"/>
		<discovery url="http://download.eclipse.org/tools/gef/updates/releases/site.xml" label="%updateSiteName"/>
	</url>
	<plugin id="org.eclipse.zest.core.source" version="1.2.0.v20100525-1225"     unpack="false"/>
	<plugin id="org.eclipse.zest.layouts.source" version="1.1.0.v20100616-1515"     unpack="false"/>
</feature>
