<?xml version="1.0" encoding="UTF-8"?>
<feature id="org.eclipse.gef.examples.source" version="3.6.1.v20100908-1100" label="%featureName" provider-name="%providerName" image="eclipse_update_120.jpg"    >
	<description >
		%description
	</description>
	<copyright >
		%copyright
	</copyright>
	<license >
		%license
	</license>
	<url>
		<update url="http://download.eclipse.org/tools/gef/updates/releases/site.xml" label="%updateSiteName"/>
		<discovery url="http://download.eclipse.org/tools/gef/updates/releases/site.xml" label="%updateSiteName"/>
	</url>
	<plugin id="org.eclipse.gef.examples.logic.source" version="3.6.1.v20100908-2020"     unpack="false"/>
	<plugin id="org.eclipse.gef.examples.flow.source" version="3.6.0.v20100616-1515"     unpack="false"/>
	<plugin id="org.eclipse.gef.examples.text.source" version="3.6.0.v20100616-1515"     unpack="false"/>
	<plugin id="org.eclipse.gef.examples.shapes.source" version="3.6.0.v20100616-1515"     unpack="false"/>
</feature>
