<?xml version="1.0" encoding="UTF-8"?>
<feature id="org.eclipse.gef.source" version="3.6.1.v20100908-1100-777B181A3Bz-6B663E7974242" label="%featureName" provider-name="%providerName" image="eclipse_update_120.jpg"    >
	<description >
		%description
	</description>
	<copyright >
		%copyright
	</copyright>
	<license url="%licenseURL">
		%license
	</license>
	<url>
		<update url="http://download.eclipse.org/tools/gef/updates/releases/site.xml" label="%updateSiteName"/>
		<discovery url="http://download.eclipse.org/tools/gef/updates/releases/site.xml" label="%updateSiteName"/>
	</url>
	<plugin id="org.eclipse.gef.source" version="3.6.1.v20100712-1224"     unpack="false"/>
</feature>
